K,Q,Unnamed: 2
Загальновживана назва,Яка загальноприйнята назва Польща,
Загальновживана назва,Яка поширена назва Польща,
Загальновживана назва,Яка загальнопоширена назва Польща,
Офіційна назва,Яка довга назва Польща,
Офіційна назва,Яка повна назва Польща,
Назва державною мовою,Як Польща називається офіційною мовою,
Назва державною мовою,Яка нативна назва Польща,
Національний гімн,Який національний гімн Польща,
Національний гімн,Який гімн Польща,
Національний гімн,Гімн Польща,
Національний гімн,Як називається гімн Польща,
Офіційна назва,Повна назва Польща,
Офіційні мови,Офіційні мови у Польща,
Офіційні мови,Які офіційні мови Польща,
Офіційні мови,Яка державна мова Польща,
Офіційні мови,Яка основна мова у Польща,
Офіційні мови,Які мови основні у Польща,
Офіційні мови,Які мови у Польща державні,
Офіційні мови,Яка мова у Польща офіційна,
Столиця,Яка столиця Польща,
Столиця,Яка у Польща столиця,
Столиця,Яке місто у Польща столичне,
Столиця,Столиця Польща,
Координати,Де знаходиться Польща,
Координати,Які координати Польща,
Координати,Де Польща,
Найбільше місто,Яке найбільше місто Польща,
Найбільше місто,Яке у Польща найбільше місто,
Найбільше місто,Яке головне місто Польща,
Найбільше місто,Яке основне місто країни Польща,
Демонім,Який демонім Польща,
Демонім,Як називаються мешканці Польща,
Демонім,Як називають жителів Польща,
Демонім,Як називають народ Польща,
Демонім,Як називається народ Польща,
Форма правління,Який тип уряду Польща,
Форма правління,Яка форма уряду Польща,
Форма правління,Яка у Польща форма уряду,
Форма правління,Який тип республіки у Польща,
Форма правління,Яка форма правління у Польща,
Форма правління,Який тип правління Польща,
Посади лідерів,Як називаються лідера Польща,
Посади лідерів,Як називається голова держави у Польща,
Посади лідерів,Який тип лідера у Польща,
Посади лідерів,Яка головна людина у Польща,
Посади лідерів,Який головний лідер у Польща,
Посади лідерів,Який голова держави у Польща,
Імена лідерів,Хто голова держави у Польща,
Імена лідерів,Хто президент Польща,
Імена лідерів,Хто головний у Польща,
Імена лідерів,Хто лідер Польща,
Імена лідерів,Хто лідер держави у Польща,
Імена лідерів,Як звати лідера Польща,
Імена лідерів,Яке ім'я президента Польща,
Імена лідерів,Яке ім'я голови держави у Польща,
Імена лідерів,Які імена лідерів країни Польща,
Місце за площею,Яка за порядком Польща за площею,
Місце за площею,На якому місці Польща за площею у світі,
Місце за площею,Яка у світі Польща за площею,
Площа,Яка площа Польща,
Площа,Площа Польща,
Площа,Який розмір Польща,
Площа,Скільки квадратних кілометрів у Польща,
Площа,Яка площа території Польща,
Площа,Який розмір території Польща,
"Відсоток, покритий водою",Який відсоток води на території Польща,
"Відсоток, покритий водою",Який відсоток площі Польща становить вода,
"Відсоток, покритий водою",Скільки води у Польща,
"Відсоток, покритий водою",Яка площа води у Польща,
Населення,Яке населення Польща,
Населення,Яке оціночне населення Польща,
Населення,Населення Польща,
Населення,Скільки людей живе у Польща,
Населення,Скільки мешканців у Польща,
Населення,Скільки жителів Польща,
Населення,Скільки живе у Польща,
Населення,Скільки людей мешкає у Польща,
Місце за населенням,Яка Польща за населенням у світі,
Місце за населенням,Яка за порядком Польща за населенням,
Місце за населенням,На якому місці Польща за населенням,
Рік останнього перепису населення,Коли відбувся перепис у Польща,
Рік останнього перепису населення,Яка дата останнього перепису у Польща,
Густота населення,Яка густота населення Польща,
Густота населення,Яка густина населення Польща,
Густота населення,Наскільки густонаселена Польща,
Густота населення,Скільки людей на квадратний кілометр у Польща,
Густота населення,Густота населення Польща,
Місце за густотою населення,Яка Польща за густотою населення у світі,
Місце за густотою населення,На якому місці Польща за густотою населення,
Місце за густотою населення,Яка за порядком Польща за густотою населення,
ВВП (ПКС),Який ВВП Польща,
ВВП (ПКС),Який внутрішній валовий продукт Польща,
ВВП (ПКС),Який у Польща ВВП,
ВВП (ПКС),Який розмір економіки Польща,
ВВП (ПКС),Яка економіка у Польща,
ВВП (ПКС),Скільки доларів становить ВВП Польща,
ВВП (ПКС),Скільки доларів економіка Польща,
ВВП (ПКС),Який повний ВВП Польща,
Місце за ВВП (ПКС),Яка Польща за розміром ВВП,
Місце за ВВП (ПКС),Яка за порядком у світі Польща по ВВП,
Місце за ВВП (ПКС),На якому місці Польща за ВВП,
ВВП (ПКС) на душу населення,Який ВВП на душу населення у Польща,
ВВП (ПКС) на душу населення,Який ВВП Польща на душу,
ВВП (ПКС) на душу населення,ВВП на одну людину у Польща,
ВВП (ПКС) на душу населення,Який ВВП на людину Польща,
ВВП (ПКС) на душу населення,Скільки доларів на людину у Польща,
ВВП (ПКС) на душу населення,Який ВВП пер капіта у Польща,
Індекс розвитку (HDI),Який HDI у Польща,
Індекс розвитку (HDI),Який індекс людського розвитку Польща,
Індекс розвитку (HDI),Який індекс розвитку ООН Польща,
Індекс розвитку (HDI),Скільки становить у Польща індекс розвитку,
Індекс розвитку (HDI),Наскільки розвинута Польща,
Місце за індексом розвитку (HDI),На якому місці Польща за індексом розвитку,
Місце за індексом розвитку (HDI),Яке місце займає Польща за індексом розвитку у світі,
Місце за індексом розвитку (HDI),Яка позиція Польща за розвитком,
Ключові події і дати в історії,Яка подія заснувала Польща,
Ключові події і дати в історії,Яка визначальна подія Польща,
Ключові дати в історії,Який день незалежності Польща,
Ключові дати в історії,Яка дата незалежності Польща,
Ключові дати в історії,Яка дата отримання незалежності Польща,
Ключові дати в історії,Коли відбулось проголошення незалежності Польща,
Ключові події і дати в історії,Коли основне державне свято Польща,
Ключові події і дати в історії,Який день основної події Польща,
Ключові дати в історії,Яка дата головної події Польща,
Валюта,Яка валюта Польща,
Валюта,Які гроші Польща,
Валюта,Який тип грошей у Польща,
Валюта,Як називається валюта Польща,
Валюта,Якими грошима користуються у Польща,
Валюта,Як називаються гроші Польща,
Валюта,Як називається грошова одиниця Польща,
Валюта,Яка грошова одиниця у Польща,
Код валюти,Який коди валюти Польща,
Код валюти,Який ISO код валюти Польща,
Часовий пояс,Який часовий пояс Польща,
Часовий пояс,Яка часова зона Польща,
UTC-поправка,Який час Польща за Грінвічем,
UTC-поправка,Як відрізняється час Польща від Грінвіча,
UTC-поправка,Яка UTC-поправка для часу Польща,
Інтернет-домен,Який інтернет-домен Польща,
Інтернет-домен,Як позначені сайти Польща в інтернеті,
Інтернет-домен,Домен Польща,
Інтернет-домен,Який домен у Польща,
Телефонний код,Який телефонний код Польща,
Телефонний код,Який код Польща для телефонів,
Телефонний код,Як дзвонити у Польща,
Телефонний код,Що набирати для дзвінка у Польща,
Телефонний код,Номери Польща починаються з яких цифр,
Телефонний код,Цифри телефонного коду Польща,
Назва в родовому відмінку,Яка загальноприйнята назва Ботсвана,
Назва в родовому відмінку,Яка поширена назва Ботсвана,
Назва в родовому відмінку,Яка загальнопоширена назва Ботсвана,
Офіційна назва,Яка довга назва Ботсвана,
Офіційна назва,Яка повна назва Ботсвана,
Назва державною мовою,Як Ботсвана називається офіційною мовою,
Назва державною мовою,Яка нативна назва Ботсвана,
Національний гімн,Який національний гімн Ботсвана,
Національний гімн,Який гімн Ботсвана,
Національний гімн,Гімн Ботсвана,
Національний гімн,Як називається гімн Ботсвана,
Офіційна назва,Повна назва Ботсвана,
Офіційні мови,Офіційні мови у Ботсвана,
Офіційні мови,Які офіційні мови Ботсвана,
Офіційні мови,Яка державна мова Ботсвана,
Офіційні мови,Яка основна мова у Ботсвана,
Офіційні мови,Які мови основні у Ботсвана,
Офіційні мови,Які мови у Ботсвана державні,
Офіційні мови,Яка мова у Ботсвана офіційна,
Столиця,Яка столиця Ботсвана,
Столиця,Яка у Ботсвана столиця,
Столиця,Яке місто у Ботсвана столичне,
Столиця,Столиця Ботсвана,
Координати,Де знаходиться Ботсвана,
Координати,Які координати Ботсвана,
Координати,Де Ботсвана,
Найбільше місто,Яке найбільше місто Ботсвана,
Найбільше місто,Яке у Ботсвана найбільше місто,
Найбільше місто,Яке головне місто Ботсвана,
Найбільше місто,Яке основне місто країни Ботсвана,
Форма правління,Який тип уряду Ботсвана,
Форма правління,Яка форма уряду Ботсвана,
Форма правління,Яка у Ботсвана форма уряду,
Форма правління,Який тип республіки у Ботсвана,
Форма правління,Яка форма правління у Ботсвана,
Форма правління,Який тип правління Ботсвана,
Посади лідерів,Як називаються лідера Ботсвана,
Посади лідерів,Як називається голова держави у Ботсвана,
Посади лідерів,Який тип лідера у Ботсвана,
Посади лідерів,Яка головна людина у Ботсвана,
Посади лідерів,Який головний лідер у Ботсвана,
Посади лідерів,Який голова держави у Ботсвана,
Імена лідерів,Хто голова держави у Ботсвана,
Імена лідерів,Хто президент Ботсвана,
Імена лідерів,Хто головний у Ботсвана,
Імена лідерів,Хто лідер Ботсвана,
Імена лідерів,Хто лідер держави у Ботсвана,
Імена лідерів,Як звати лідера Ботсвана,
Імена лідерів,Яке ім'я президента Ботсвана,
Імена лідерів,Яке ім'я голови держави у Ботсвана,
Імена лідерів,Які імена лідерів країни Ботсвана,
Місце за площею,Яка за порядком Ботсвана за площею,
Місце за площею,На якому місці Ботсвана за площею у світі,
Місце за площею,Яка у світі Ботсвана за площею,
Площа,Яка площа Ботсвана,
Площа,Площа Ботсвана,
Площа,Який розмір Ботсвана,
Площа,Скільки квадратних кілометрів у Ботсвана,
Площа,Яка площа території Ботсвана,
Площа,Який розмір території Ботсвана,
"Відсоток, покритий водою",Який відсоток води на території Ботсвана,
"Відсоток, покритий водою",Який відсоток площі Ботсвана становить вода,
"Відсоток, покритий водою",Скільки води у Ботсвана,
"Відсоток, покритий водою",Яка площа води у Ботсвана,
Населення,Яке населення Ботсвана,
Населення,Яке оціночне населення Ботсвана,
Населення,Населення Ботсвана,
Населення,Скільки людей живе у Ботсвана,
Населення,Скільки мешканців у Ботсвана,
Населення,Скільки жителів Ботсвана,
Населення,Скільки живе у Ботсвана,
Населення,Скільки людей мешкає у Ботсвана,
Місце за населенням,Яка Ботсвана за населенням у світі,
Місце за населенням,Яка за порядком Ботсвана за населенням,
Місце за населенням,На якому місці Ботсвана за населенням,
Густота населення,Яка густота населення Ботсвана,
Густота населення,Яка густина населення Ботсвана,
Густота населення,Наскільки густонаселена Ботсвана,
Густота населення,Скільки людей на квадратний кілометр у Ботсвана,
Густота населення,Густота населення Ботсвана,
Місце за густотою населення,Яка Ботсвана за густотою населення у світі,
Місце за густотою населення,На якому місці Ботсвана за густотою населення,
Місце за густотою населення,Яка за порядком Ботсвана за густотою населення,
ВВП (ПКС),Який ВВП Ботсвана,
ВВП (ПКС),Який внутрішній валовий продукт Ботсвана,
ВВП (ПКС),Який у Ботсвана ВВП,
ВВП (ПКС),Який розмір економіки Ботсвана,
ВВП (ПКС),Яка економіка у Ботсвана,
ВВП (ПКС),Скільки доларів становить ВВП Ботсвана,
ВВП (ПКС),Скільки доларів економіка Ботсвана,
ВВП (ПКС),Який повний ВВП Ботсвана,
Місце за ВВП (ПКС),Яка Ботсвана за розміром ВВП,
Місце за ВВП (ПКС),Яка за порядком у світі Ботсвана по ВВП,
Місце за ВВП (ПКС),На якому місці Ботсвана за ВВП,
ВВП (ПКС) на душу населення,Який ВВП на душу населення у Ботсвана,
ВВП (ПКС) на душу населення,Який ВВП Ботсвана на душу,
ВВП (ПКС) на душу населення,ВВП на одну людину у Ботсвана,
ВВП (ПКС) на душу населення,Який ВВП на людину Ботсвана,
ВВП (ПКС) на душу населення,Скільки доларів на людину у Ботсвана,
ВВП (ПКС) на душу населення,Який ВВП пер капіта у Ботсвана,
Індекс розвитку (HDI),Який HDI у Ботсвана,
Індекс розвитку (HDI),Який індекс людського розвитку Ботсвана,
Індекс розвитку (HDI),Який індекс розвитку ООН Ботсвана,
Індекс розвитку (HDI),Скільки становить у Ботсвана індекс розвитку,
Індекс розвитку (HDI),Наскільки розвинута Ботсвана,
Місце за індексом розвитку (HDI),На якому місці Ботсвана за індексом розвитку,
Місце за індексом розвитку (HDI),Яке місце займає Ботсвана за індексом розвитку у світі,
Місце за індексом розвитку (HDI),Яка позиція Ботсвана за розвитком,
Ключові події і дати в історії,Яка подія заснувала Ботсвана,
Ключові події і дати в історії,Яка визначальна подія Ботсвана,
Ключові дати в історії,Який день незалежності Ботсвана,
Ключові дати в історії,Яка дата незалежності Ботсвана,
Ключові дати в історії,Яка дата отримання незалежності Ботсвана,
Ключові дати в історії,Коли відбулось проголошення незалежності Ботсвана,
Ключові події і дати в історії,Коли основне державне свято Ботсвана,
Ключові події і дати в історії,Який день основної події Ботсвана,
Ключові події і дати в історії,Яка дата головної події Ботсвана,
Валюта,Яка валюта Ботсвана,
Валюта,Які гроші Ботсвана,
Валюта,Який тип грошей у Ботсвана,
Валюта,Як називається валюта Ботсвана,
Валюта,Якими грошима користуються у Ботсвана,
Валюта,Як називаються гроші Ботсвана,
Валюта,Як називається грошова одиниця Ботсвана,
Валюта,Яка грошова одиниця у Ботсвана,
Код валюти,Який коди валюти Ботсвана,
Код валюти,Який ISO код валюти Ботсвана,
Часовий пояс,Який часовий пояс Ботсвана,
Часовий пояс,Яка часова зона Ботсвана,
UTC-поправка,Який час Ботсвана за Грінвічем,
UTC-поправка,Як відрізняється час Ботсвана від Грінвіча,
UTC-поправка,Яка UTC-поправка для часу Ботсвана,
Інтернет-домен,Який інтернет-домен Ботсвана,
Інтернет-домен,Як позначені сайти Ботсвана в інтернеті,
Інтернет-домен,Домен Ботсвана,
Інтернет-домен,Який домен у Ботсвана,
Телефонний код,Який телефонний код Ботсвана,
Телефонний код,Який код Ботсвана для телефонів,
Телефонний код,Як дзвонити у Ботсвана,
Телефонний код,Що набирати для дзвінка у Ботсвана,
Телефонний код,Номери Ботсвана починаються з яких цифр,
Телефонний код,Цифри телефонного коду Ботсвана,
Назва в родовому відмінку,Яка загальноприйнята назва Екваторіальна Гвінея,
Назва в родовому відмінку,Яка поширена назва Екваторіальна Гвінея,
Назва в родовому відмінку,Яка загальнопоширена назва Екваторіальна Гвінея,
Офіційна назва,Яка довга назва Екваторіальна Гвінея,
Офіційна назва,Яка повна назва Екваторіальна Гвінея,
Національний гімн,Який національний гімн Екваторіальна Гвінея,
Національний гімн,Який гімн Екваторіальна Гвінея,
Національний гімн,Гімн Екваторіальна Гвінея,
Національний гімн,Як називається гімн Екваторіальна Гвінея,
Офіційна назва,Повна назва Екваторіальна Гвінея,
Столиця,Яка столиця Екваторіальна Гвінея,
Столиця,Яка у Екваторіальна Гвінея столиця,
Столиця,Яке місто у Екваторіальна Гвінея столичне,
Столиця,Столиця Екваторіальна Гвінея,
Найбільше місто,Яке найбільше місто Екваторіальна Гвінея,
Найбільше місто,Яке у Екваторіальна Гвінея найбільше місто,
Найбільше місто,Яке головне місто Екваторіальна Гвінея,
Найбільше місто,Яке основне місто країни Екваторіальна Гвінея,
Форма правління,Який тип уряду Екваторіальна Гвінея,
Форма правління,Яка форма уряду Екваторіальна Гвінея,
Форма правління,Яка у Екваторіальна Гвінея форма уряду,
Форма правління,Який тип республіки у Екваторіальна Гвінея,
Форма правління,Яка форма правління у Екваторіальна Гвінея,
Форма правління,Який тип правління Екваторіальна Гвінея,
Посади лідерів,Як називаються лідера Екваторіальна Гвінея,
Посади лідерів,Як називається голова держави у Екваторіальна Гвінея,
Посади лідерів,Який тип лідера у Екваторіальна Гвінея,
Посади лідерів,Яка головна людина у Екваторіальна Гвінея,
Посади лідерів,Який головний лідер у Екваторіальна Гвінея,
Посади лідерів,Який голова держави у Екваторіальна Гвінея,
Імена лідерів,Хто голова держави у Екваторіальна Гвінея,
Імена лідерів,Хто президент Екваторіальна Гвінея,
Імена лідерів,Хто головний у Екваторіальна Гвінея,
Імена лідерів,Хто лідер Екваторіальна Гвінея,
Імена лідерів,Хто лідер держави у Екваторіальна Гвінея,
Імена лідерів,Як звати лідера Екваторіальна Гвінея,
Імена лідерів,Яке ім'я президента Екваторіальна Гвінея,
Імена лідерів,Яке ім'я голови держави у Екваторіальна Гвінея,
Імена лідерів,Які імена лідерів країни Екваторіальна Гвінея,
Місце за площею,Яка за порядком Екваторіальна Гвінея за площею,
Місце за площею,На якому місці Екваторіальна Гвінея за площею у світі,
Місце за площею,Яка у світі Екваторіальна Гвінея за площею,
Площа,Яка площа Екваторіальна Гвінея,
Площа,Площа Екваторіальна Гвінея,
Площа,Який розмір Екваторіальна Гвінея,
Площа,Скільки квадратних кілометрів у Екваторіальна Гвінея,
Площа,Яка площа території Екваторіальна Гвінея,
Площа,Який розмір території Екваторіальна Гвінея,
Населення,Яке населення Екваторіальна Гвінея,
Населення,Яке оціночне населення Екваторіальна Гвінея,
Населення,Населення Екваторіальна Гвінея,
Населення,Скільки людей живе у Екваторіальна Гвінея,
Населення,Скільки мешканців у Екваторіальна Гвінея,
Населення,Скільки жителів Екваторіальна Гвінея,
Населення,Скільки живе у Екваторіальна Гвінея,
Населення,Скільки людей мешкає у Екваторіальна Гвінея,
Рік останнього перепису населення,Коли відбувся перепис у Екваторіальна Гвінея,
Рік останнього перепису населення,Яка дата останнього перепису у Екваторіальна Гвінея,
Густота населення,Яка густота населення Екваторіальна Гвінея,
Густота населення,Яка густина населення Екваторіальна Гвінея,
Густота населення,Наскільки густонаселена Екваторіальна Гвінея,
Густота населення,Скільки людей на квадратний кілометр у Екваторіальна Гвінея,
Густота населення,Густота населення Екваторіальна Гвінея,
Місце за густотою населення,Яка Екваторіальна Гвінея за густотою населення у світі,
Місце за густотою населення,На якому місці Екваторіальна Гвінея за густотою населення,
Місце за густотою населення,Яка за порядком Екваторіальна Гвінея за густотою населення,
ВВП (ПКС),Який ВВП Екваторіальна Гвінея,
ВВП (ПКС),Який внутрішній валовий продукт Екваторіальна Гвінея,
ВВП (ПКС),Який у Екваторіальна Гвінея ВВП,
ВВП (ПКС),Який розмір економіки Екваторіальна Гвінея,
ВВП (ПКС),Яка економіка у Екваторіальна Гвінея,
ВВП (ПКС),Скільки доларів становить ВВП Екваторіальна Гвінея,
ВВП (ПКС),Скільки доларів економіка Екваторіальна Гвінея,
ВВП (ПКС),Який повний ВВП Екваторіальна Гвінея,
Місце за ВВП (ПКС),Яка Екваторіальна Гвінея за розміром ВВП,
Місце за ВВП (ПКС),Яка за порядком у світі Екваторіальна Гвінея по ВВП,
Місце за ВВП (ПКС),На якому місці Екваторіальна Гвінея за ВВП,
ВВП (ПКС) на душу населення,Який ВВП на душу населення у Екваторіальна Гвінея,
ВВП (ПКС) на душу населення,Який ВВП Екваторіальна Гвінея на душу,
ВВП (ПКС) на душу населення,ВВП на одну людину у Екваторіальна Гвінея,
ВВП (ПКС) на душу населення,Який ВВП на людину Екваторіальна Гвінея,
ВВП (ПКС) на душу населення,Скільки доларів на людину у Екваторіальна Гвінея,
ВВП (ПКС) на душу населення,Який ВВП пер капіта у Екваторіальна Гвінея,
Ключові події і дати в історії,Яка подія заснувала Екваторіальна Гвінея,
Ключові події і дати в історії,Яка визначальна подія Екваторіальна Гвінея,
Ключові дати в історії,Який день незалежності Екваторіальна Гвінея,
Ключові дати в історії,Яка дата незалежності Екваторіальна Гвінея,
Ключові дати в історії,Яка дата отримання незалежності Екваторіальна Гвінея,
Ключові дати в історії,Коли відбулось проголошення незалежності Екваторіальна Гвінея,
Ключові дати в історії,Коли основне державне свято Екваторіальна Гвінея,
Ключові дати в історії,Який день основної події Екваторіальна Гвінея,
Ключові дати в історії,Яка дата головної події Екваторіальна Гвінея,
Валюта,Яка валюта Екваторіальна Гвінея,
Валюта,Які гроші Екваторіальна Гвінея,
Валюта,Який тип грошей у Екваторіальна Гвінея,
Валюта,Як називається валюта Екваторіальна Гвінея,
Валюта,Якими грошима користуються у Екваторіальна Гвінея,
Валюта,Як називаються гроші Екваторіальна Гвінея,
Валюта,Як називається грошова одиниця Екваторіальна Гвінея,
Валюта,Яка грошова одиниця у Екваторіальна Гвінея,
Код валюти,Який коди валюти Екваторіальна Гвінея,
Код валюти,Який ISO код валюти Екваторіальна Гвінея,
UTC-поправка,Який час Екваторіальна Гвінея за Грінвічем,
UTC-поправка,Як відрізняється час Екваторіальна Гвінея від Грінвіча,
UTC-поправка,Яка UTC-поправка для часу Екваторіальна Гвінея,
Інтернет-домен,Який інтернет-домен Екваторіальна Гвінея,
Інтернет-домен,Як позначені сайти Екваторіальна Гвінея в інтернеті,
Інтернет-домен,Домен Екваторіальна Гвінея,
Інтернет-домен,Який домен у Екваторіальна Гвінея,
Телефонний код,Який телефонний код Екваторіальна Гвінея,
Телефонний код,Який код Екваторіальна Гвінея для телефонів,
Телефонний код,Як дзвонити у Екваторіальна Гвінея,
Телефонний код,Що набирати для дзвінка у Екваторіальна Гвінея,
Телефонний код,Номери Екваторіальна Гвінея починаються з яких цифр,
Телефонний код,Цифри телефонного коду Екваторіальна Гвінея,
Назва в родовому відмінку,Яка загальноприйнята назва Австралія,
Назва в родовому відмінку,Яка поширена назва Австралія,
Назва в родовому відмінку,Яка загальнопоширена назва Австралія,
Офіційна назва,Яка довга назва Австралія,
Офіційна назва,Яка повна назва Австралія,
Національний гімн,Який національний гімн Австралія,
Національний гімн,Який гімн Австралія,
Національний гімн,Гімн Австралія,
Національний гімн,Як називається гімн Австралія,
Офіційна назва,Повна назва Австралія,
Офіційні мови,Офіційні мови у Австралія,
Офіційні мови,Які офіційні мови Австралія,
Офіційні мови,Яка державна мова Австралія,
Офіційні мови,Яка основна мова у Австралія,
Офіційні мови,Які мови основні у Австралія,
Офіційні мови,Які мови у Австралія державні,
Офіційні мови,Яка мова у Австралія офіційна,
Столиця,Яка столиця Австралія,
Столиця,Яка у Австралія столиця,
Столиця,Яке місто у Австралія столичне,
Столиця,Столиця Австралія,
Найбільше місто,Яке найбільше місто Австралія,
Найбільше місто,Яке у Австралія найбільше місто,
Найбільше місто,Яке головне місто Австралія,
Найбільше місто,Яке основне місто країни Австралія,
Форма правління,Який тип уряду Австралія,
Форма правління,Яка форма уряду Австралія,
Форма правління,Яка у Австралія форма уряду,
Форма правління,Який тип республіки у Австралія,
Форма правління,Яка форма правління у Австралія,
Форма правління,Який тип правління Австралія,
Посади лідерів,Як називаються лідера Австралія,
Посади лідерів,Як називається голова держави у Австралія,
Посади лідерів,Який тип лідера у Австралія,
Посади лідерів,Яка головна людина у Австралія,
Посади лідерів,Який головний лідер у Австралія,
Посади лідерів,Який голова держави у Австралія,
Посади лідерів,Як називаються лідера Австралія,
Посади лідерів,Як називається голова держави у Австралія,
Посади лідерів,Який тип лідера у Австралія,
Посади лідерів,Яка головна людина у Австралія,
Посади лідерів,Який головний лідер у Австралія,
Посади лідерів,Який голова держави у Австралія,
Імена лідерів,Хто голова держави у Австралія,
Імена лідерів,Хто президент Австралія,
Імена лідерів,Хто головний у Австралія,
Імена лідерів,Хто лідер Австралія,
Імена лідерів,Хто лідер держави у Австралія,
Імена лідерів,Як звати лідера Австралія,
Імена лідерів,Яке ім'я президента Австралія,
Імена лідерів,Яке ім'я голови держави у Австралія,
Імена лідерів,Які імена лідерів країни Австралія,
Місце за площею,Яка за порядком Австралія за площею,
Місце за площею,На якому місці Австралія за площею у світі,
Місце за площею,Яка у світі Австралія за площею,
Площа,Яка площа Австралія,
Площа,Площа Австралія,
Площа,Який розмір Австралія,
Площа,Скільки квадратних кілометрів у Австралія,
Площа,Яка площа території Австралія,
Площа,Який розмір території Австралія,
"Відсоток, покритий водою",Який відсоток води на території Австралія,
"Відсоток, покритий водою",Який відсоток площі Австралія становить вода,
"Відсоток, покритий водою",Скільки води у Австралія,
"Відсоток, покритий водою",Яка площа води у Австралія,
Населення,Яке населення Австралія,
Населення,Яке оціночне населення Австралія,
Населення,Населення Австралія,
Населення,Скільки людей живе у Австралія,
Населення,Скільки мешканців у Австралія,
Населення,Скільки жителів Австралія,
Населення,Скільки живе у Австралія,
Населення,Скільки людей мешкає у Австралія,
Рік останнього перепису населення,Коли відбувся перепис у Австралія,
Рік останнього перепису населення,Яка дата останнього перепису у Австралія,
Густота населення,Яка густота населення Австралія,
Густота населення,Яка густина населення Австралія,
Густота населення,Наскільки густонаселена Австралія,
Густота населення,Скільки людей на квадратний кілометр у Австралія,
Густота населення,Густота населення Австралія,
Місце за густотою населення,Яка Австралія за густотою населення у світі,
Місце за густотою населення,На якому місці Австралія за густотою населення,
Місце за густотою населення,Яка за порядком Австралія за густотою населення,
Місце за ВВП (ПКС),Яка Австралія за розміром ВВП,
Місце за ВВП (ПКС),Яка за порядком у світі Австралія по ВВП,
Місце за ВВП (ПКС),На якому місці Австралія за ВВП,
Індекс розвитку (HDI),Який HDI у Австралія,
Індекс розвитку (HDI),Який індекс людського розвитку Австралія,
Індекс розвитку (HDI),Який індекс розвитку ООН Австралія,
Індекс розвитку (HDI),Скільки становить у Австралія індекс розвитку,
Індекс розвитку (HDI),Наскільки розвинута Австралія,
Місце за індексом розвитку (HDI),На якому місці Австралія за індексом розвитку,
Місце за індексом розвитку (HDI),Яке місце займає Австралія за індексом розвитку у світі,
Місце за індексом розвитку (HDI),Яка позиція Австралія за розвитком,
Ключові події і дати в історії,Яка подія заснувала Австралія,
Ключові події і дати в історії,Яка визначальна подія Австралія,
Ключові дати в історії,Який день незалежності Австралія,
Ключові дати в історії,Яка дата незалежності Австралія,
Ключові дати в історії,Яка дата отримання незалежності Австралія,
Ключові дати в історії,Коли відбулось проголошення незалежності Австралія,
Ключові дати в історії,Коли основне державне свято Австралія,
Ключові дати в історії,Який день основної події Австралія,
Ключові дати в історії,Яка дата головної події Австралія,
Валюта,Яка валюта Австралія,
Валюта,Які гроші Австралія,
Валюта,Який тип грошей у Австралія,
Валюта,Як називається валюта Австралія,
Валюта,Якими грошима користуються у Австралія,
Валюта,Як називаються гроші Австралія,
Валюта,Як називається грошова одиниця Австралія,
Валюта,Яка грошова одиниця у Австралія,
Код валюти,Який коди валюти Австралія,
Код валюти,Який ISO код валюти Австралія,
Часовий пояс,Який часовий пояс Австралія,
Часовий пояс,Яка часова зона Австралія,
UTC-поправка,Який час Австралія за Грінвічем,
UTC-поправка,Як відрізняється час Австралія від Грінвіча,
UTC-поправка,Яка UTC-поправка для часу Австралія,
Інтернет-домен,Який інтернет-домен Австралія,
Інтернет-домен,Як позначені сайти Австралія в інтернеті,
Інтернет-домен,Домен Австралія,
Інтернет-домен,Який домен у Австралія,
Телефонний код,Який телефонний код Австралія,
Телефонний код,Який код Австралія для телефонів,
Телефонний код,Як дзвонити у Австралія,
Телефонний код,Що набирати для дзвінка у Австралія,
Телефонний код,Номери Австралія починаються з яких цифр,
Телефонний код,Цифри телефонного коду Австралія,
Назва в родовому відмінку,Яка загальноприйнята назва Алжир,
Назва в родовому відмінку,Яка поширена назва Алжир,
Назва державною мовою,Як Алжир називається офіційною мовою,
Назва державною мовою,Яка нативна назва Алжир,
Столиця,Яка столиця Алжир,
Столиця,Яка у Алжир столиця,
Столиця,Яке місто у Алжир столичне,
Столиця,Столиця Алжир,
Координати,Де знаходиться Алжир,
Координати,Які координати Алжир,
Координати,Де Алжир,
Найбільше місто,Яке найбільше місто Алжир,
Найбільше місто,Яке у Алжир найбільше місто,
Найбільше місто,Яке головне місто Алжир,
Найбільше місто,Яке основне місто країни Алжир,
Форма правління,Який тип уряду Алжир,
Форма правління,Яка форма уряду Алжир,
Форма правління,Яка у Алжир форма уряду,
Форма правління,Який тип республіки у Алжир,
Форма правління,Яка форма правління у Алжир,
Форма правління,Який тип правління Алжир,
Посади лідерів,Як називаються лідера Алжир,
Посади лідерів,Як називається голова держави у Алжир,
Посади лідерів,Який тип лідера у Алжир,
Посади лідерів,Яка головна людина у Алжир,
Посади лідерів,Який головний лідер у Алжир,
Посади лідерів,Який голова держави у Алжир,
Імена лідерів,Хто голова держави у Алжир,
Імена лідерів,Хто президент Алжир,
Імена лідерів,Хто головний у Алжир,
Імена лідерів,Хто лідер Алжир,
Імена лідерів,Хто лідер держави у Алжир,
Імена лідерів,Як звати лідера Алжир,
Імена лідерів,Яке ім'я президента Алжир,
Імена лідерів,Яке ім'я голови держави у Алжир,
Імена лідерів,Які імена лідерів країни Алжир,
Місце за площею,Яка за порядком Алжир за площею,
Місце за площею,На якому місці Алжир за площею у світі,
Місце за площею,Яка у світі Алжир за площею,
Площа,Яка площа Алжир,
Площа,Площа Алжир,
Площа,Який розмір Алжир,
Площа,Скільки квадратних кілометрів у Алжир,
Площа,Яка площа території Алжир,
Площа,Який розмір території Алжир,
"Відсоток, покритий водою",Який відсоток води на території Алжир,
"Відсоток, покритий водою",Який відсоток площі Алжир становить вода,
"Відсоток, покритий водою",Скільки води у Алжир,
"Відсоток, покритий водою",Яка площа води у Алжир,
Населення,Яке населення Алжир,
Населення,Яке оціночне населення Алжир,
Населення,Населення Алжир,
Населення,Скільки людей живе у Алжир,
Населення,Скільки мешканців у Алжир,
Населення,Скільки жителів Алжир,
Населення,Скільки живе у Алжир,
Населення,Скільки людей мешкає у Алжир,
Місце за населенням,Яка Алжир за населенням у світі,
Місце за населенням,Яка за порядком Алжир за населенням,
Місце за населенням,На якому місці Алжир за населенням,
Рік останнього перепису населення,Коли відбувся перепис у Алжир,
Рік останнього перепису населення,Яка дата останнього перепису у Алжир,
Густота населення,Яка густота населення Алжир,
Густота населення,Яка густина населення Алжир,
Густота населення,Наскільки густонаселена Алжир,
Густота населення,Скільки людей на квадратний кілометр у Алжир,
Густота населення,Густота населення Алжир,
Місце за густотою населення,Яка Алжир за густотою населення у світі,
Місце за густотою населення,На якому місці Алжир за густотою населення,
Місце за густотою населення,Яка за порядком Алжир за густотою населення,
ВВП (ПКС),Який ВВП Алжир,
ВВП (ПКС),Який внутрішній валовий продукт Алжир,
ВВП (ПКС),Який у Алжир ВВП,
ВВП (ПКС),Який розмір економіки Алжир,
ВВП (ПКС),Яка економіка у Алжир,
ВВП (ПКС),Скільки доларів становить ВВП Алжир,
ВВП (ПКС),Скільки доларів економіка Алжир,
ВВП (ПКС),Який повний ВВП Алжир,
Місце за ВВП (ПКС),Яка Алжир за розміром ВВП,
Місце за ВВП (ПКС),Яка за порядком у світі Алжир по ВВП,
Місце за ВВП (ПКС),На якому місці Алжир за ВВП,
ВВП (ПКС) на душу населення,Який ВВП на душу населення у Алжир,
ВВП (ПКС) на душу населення,Який ВВП Алжир на душу,
ВВП (ПКС) на душу населення,ВВП на одну людину у Алжир,
ВВП (ПКС) на душу населення,Який ВВП на людину Алжир,
ВВП (ПКС) на душу населення,Скільки доларів на людину у Алжир,
ВВП (ПКС) на душу населення,Який ВВП пер капіта у Алжир,
Індекс розвитку (HDI),Який HDI у Алжир,
Індекс розвитку (HDI),Який індекс людського розвитку Алжир,
Індекс розвитку (HDI),Який індекс розвитку ООН Алжир,
Індекс розвитку (HDI),Скільки становить у Алжир індекс розвитку,
Індекс розвитку (HDI),Наскільки розвинута Алжир,
Місце за індексом розвитку (HDI),На якому місці Алжир за індексом розвитку,
Місце за індексом розвитку (HDI),Яке місце займає Алжир за індексом розвитку у світі,
Місце за індексом розвитку (HDI),Яка позиція Алжир за розвитком,
Ключові події і дати в історії,Яка подія заснувала Алжир,
Ключові події і дати в історії,Яка визначальна подія Алжир,
Ключові дати в історії,Який день незалежності Алжир,
Ключові дати в історії,Яка дата незалежності Алжир,
Ключові дати в історії,Яка дата отримання незалежності Алжир,
Ключові дати в історії,Коли відбулось проголошення незалежності Алжир,
Ключові дати в історії,Коли основне державне свято Алжир,
Ключові дати в історії,Який день основної події Алжир,
Ключові дати в історії,Яка дата головної події Алжир,
Валюта,Яка валюта Алжир,
Валюта,Які гроші Алжир,
Валюта,Який тип грошей у Алжир,
Валюта,Як називається валюта Алжир,
Валюта,Якими грошима користуються у Алжир,
Валюта,Як називаються гроші Алжир,
Валюта,Як називається грошова одиниця Алжир,
Валюта,Яка грошова одиниця у Алжир,
Код валюти,Який коди валюти Алжир,
Код валюти,Який ISO код валюти Алжир,
Часовий пояс,Який часовий пояс Алжир,
Часовий пояс,Яка часова зона Алжир,
UTC-поправка,Який час Алжир за Грінвічем,
UTC-поправка,Як відрізняється час Алжир від Грінвіча,
UTC-поправка,Яка UTC-поправка для часу Алжир,
Інтернет-домен,Який інтернет-домен Алжир,
Інтернет-домен,Як позначені сайти Алжир в інтернеті,
Інтернет-домен,Домен Алжир,
Інтернет-домен,Який домен у Алжир,
Телефонний код,Який телефонний код Алжир,
Телефонний код,Який код Алжир для телефонів,
Телефонний код,Як дзвонити у Алжир,
Телефонний код,Що набирати для дзвінка у Алжир,
Телефонний код,Номери Алжир починаються з яких цифр,
Телефонний код,Цифри телефонного коду Алжир,
Площа,Яка площа Варшава,
Площа,Яких розмірів місто Малабо,
Площа,Яка площа міської території Малабо,
Густота населення,Яка густота населення Ріо-де-Жанейро,
Густота населення,Яка щільність населення Рига,
Густота населення,Наскільки густонаселене Рига,
Густота населення,Яка густина населення Варшава,
Населення,Яке повне населення Варшава,
Населення,Яка звичайна назва Мумбай,
Населення,Яка поширена назва Рига,
Населення,Як зазвичай називають Малабо,
Населення,Скільки людей живе у Малабо,
Населення,Як багато людей у Малабо,
Населення,Скільки людей у Варшава,
Населення,Скільки мешканців у Мумбай,
Населення,Скільки мешкає у Рига,
Назва державною мовою,Як називають Варшава місцевою мовою,
Назва державною мовою,Яка назва Ріо-де-Жанейро офіційною мовою,
Назва державною мовою,Як називають Варшава офіційною мовою,
Назва державною мовою,Як зазвичай називають Ріо-де-Жанейро його мешканці,
ВВП (ПКС),Яких розмірів економіка Мумбай,
ВВП (ПКС),Наскільки велика економіка Ріо-де-Жанейро,
ВВП (ПКС),Який ВВП Рига,
Телефонний код,Який телефонний код міста Малабо,
Країна,В якій країні знаходиться Малабо,
Країна,До якої країни належить Варшава,
Країна,У якій країні Малабо,
Країна,Яка країна міста Мумбай,
Країна,Рига знаходиться в якій країні,
Країна,Яка країна у якій місто Ріо-де-Жанейро,
Країна,У якій країні є місто Мумбай,
Країна,Якій країні зараз належить Малабо,
Регіон,У якому регіоні Мумбай,
Регіон,До якого регіону належить Ріо-де-Жанейро,
Регіон,У якому регіоні знаходиться Малабо,
Регіон,Який регіон міста Мумбай,
Засноване,Коли засноване Малабо,
Засноване,Коли заснували місто Мумбай,
Засноване,Коли перша згадка про місто Мумбай,
Засноване,Коли вперше згадали Рига,
Засноване,Яка дата заснування Ріо-де-Жанейро,
Засноване,Коли заснували Варшава,
Засноване,У якому році заснували Малабо,
Засноване,У яких роках згадали вперше про Рига,
Міста-побратими,Які міста-побратими Варшава,
Міста-побратими,Які сестринські міста Рига,
Міста-побратими,Які офіційні побратими міста Малабо,
Міста-побратими,Які в міста Ріо-де-Жанейро міста-побратими,
Висота над рівнем моря,На якій висоті знаходиться Рига,
Висота над рівнем моря,Яка висота Мумбай над рівнем моря,
Висота над рівнем моря,Наскільки високо знаходиться Варшава,
Висота над рівнем моря,Наскільки високе Рига,
Висота над рівнем моря,Яка у Ріо-де-Жанейро висота над рівнем моря,
Веб-сторінка,Який офіційний вебсайт Ріо-де-Жанейро,
Веб-сторінка,Яка веб-сторінка у Варшава,
Веб-сторінка,Де знаходиться веб-сторінка Мумбай,
Веб-сторінка,Який інтернет-сайт Рига,
Веб-сторінка,На якому сайті офіційна сторінка Варшава,
Мер,Хто мер Ріо-де-Жанейро,
Мер,Який мер у Малабо,
Мер,Хто є головою міста Мумбай,
Мер,Хто градоначальник Рига,
Мер,Хто міський голова Ріо-де-Жанейро,
Мер,"Чи є у Ріо-де-Жанейро мер і якщо так, хто це",
Девіз,Який девіз Варшава,
Девіз,Яке мотто Варшава,
Девіз,Чи є девіз у Рига,
Девіз,Який офіційний девіз Варшава,
Поділ міста,Який у Ріо-де-Жанейро поділ на райони,
Поділ міста,Який адміністративний поділ Ріо-де-Жанейро,
Поділ міста,Який у Ріо-де-Жанейро поділ на адміністративні райони,
Поділ міста,Як Рига поділяється на райони,
Поділ міста,Який поділ міста Варшава,
Найбільша глибина,Яка найбільша глибина Балтійське море,
Найбільша глибина,Яка максимальна глибина Чорне море,
Найбільша глибина,Яке найглибше місце у Чорне море,
Найбільша глибина,Яка у Чорне море найбільша глибина,
Найбільша глибина,Наскільки глибоке максимально Балтійське море,
Середня глибина,Яка середня глибина Балтійське море,
Середня глибина,Яка типова глибина Балтійське море,
Середня глибина,Наскільки в середньому глибоке Балтійське море,
Середня глибина,Наскільки глибоке зазвичай Чорне море,
Середня глибина,Яка глибина Чорне море у звичайних місцях,
Розташування,Де розташовується Чорне море,
Розташування,Яке розташування Чорне море,
Розташування,Яке місцезнаходження Чорне море,
Розташування,Де Чорне море,
Моря,Які моря належать до Чорне море,
Моря,Які моря стосуються  Чорне море,
Моря,Які моря входять до складу Чорне море,
Моря,Які моря в басейні Балтійське море,
Океан,Якого океану належить Чорне море,
Океан,Який океан основний для Чорне море,
Океан,В акваторії якого океану перебуває Чорне море,
Океан,Який океан для Балтійське море,
Об'єм,Який об’єм Чорне море,
Об'єм,Який у Балтійське море об’єм,
Об'єм,Яких обсягів Балтійське море,
Об'єм,Який повний об’єм Чорне море,
Солоність,Яка солоність Балтійське море,
Солоність,Наскільки Балтійське море солоне,
Солоність,Який рівень солоності у Чорне море,
Впадаючі річки,Які річки впадають в Балтійське море,
Довжина берегової лінії,Яка довжина берегової лінії у Чорне море,
Довжина берегової лінії,Наскільки довгий берег Чорне море,
Довжина берегової лінії,Яка довжина берегу Чорне море,
Довжина берегової лінії,Довжина берегу Чорне море,
Країни,Які країни омиває Балтійське море,
Країни,Яких країн торкається Чорне море,
Країни,Які країни на берегах Балтійське море,
Країни,До яких країн стосується Чорне море,
Площа водозабору,Яка площа водозабору Чорне море,
Площа водозабору,Який водозабір у Балтійське море за площею,
Прозорість,Яка прозорість Чорне море,
Прозорість,Наскільки прозоре Чорне море,
Прозорість,Який рівень прозорості у Чорне море,
Група островів,Якого архіпелагу належить Сардинія,
Група островів,Якої групи островів стосується Тасманія,
Група островів,До яких островів входить Ява,
Група островів,До якого архіпелагу входить Сардинія,
Група островів,Частиною якого архіпелагу є Сардинія,
Розташування гирла,Де знаходиться гирло Дніпро,
Розташування гирла,Яке розташування гирла Амазонка,
Розташування гирла,Де гирло Дніпро,
Розташування гирла,Звідки витікає Дніпро,
Гирло,Яке гирло Дніпро,
Гирло,Яке у Дніпро гирло,
Площа басейну,Яка площа басейну Амазонка,
Площа басейну,Яких розмірів басейн річки Янцзи,
Площа басейну,На яку площу поширюється басейн Дніпро,
Площа басейну,Який басейн Дніпро,
Площа басейну,Який басейн у Дніпро,
Країни басейну,Які країни входять до басейну Амазонка,
Країни басейну,Які країни басейну Янцзи,
Країни басейну,Які країни належать до басейну Амазонка,
Стік,Який стік Янцзи,
Стік,Який максимальний стік Амазонка,
Стік,Який середній стік Амазонка,
Стік,Який зазвичай стік у річки Дніпро,
Притоки,Які притоки у Янцзи,
Притоки,Які притоки є у річки Дніпро,
Притоки,Які річки впадають у Дніпро,
Притоки,Які ще річки вливаються у Янцзи,
Притоки,Які річки є притоками Дніпро,
Притоки,Притоки Амазонка,
Ширина,Яка ширина Тітікака,
Ширина,Наскільки широке Балатон,
Міста,Які міста лежать на Балатон,
Міста,Які міста торкаються Тітікака,
Впадаючі річки,Які річки впадають в озеро Балатон,
Впадаючі річки,Які річки потрапляють в озеро Тітікака,
Тип,Якого типу Тітікака,
Тип,Який тип озера Тітікака,
Тип,Який у Балатон тип,
Гірська система,До якої гірської системи належить Говерла,
Гірська система,Яка гірська система Кіліманджаро,
Гірська система,У яких горах знаходиться Аконкагуа,
Гірська система,Яким горам належить Говерла,
Відносна висота,Яка відносна висота Аконкагуа,
Відносна висота,Яка у Аконкагуа відносна висота,
Перше сходження,Коли відбулось перше сходження на Аконкагуа,
Перше сходження,Коли вперше вилізли на Кіліманджаро,
Перше сходження,Коли залізли на Риси,
Перше сходження,Коли здолали вершину Риси,
Вік,Який вік Говерла,
Вік,Якого віку гора Аконкагуа,
Вік,Якого віку гори Гімалаї,
Вік,Який у Аконкагуа вік,
Гороутворення,Яке гороутворення Аконкагуа,
